Player_ID,Player_Name,Player_Birth,Player_Country
1,ArsÃ¨ne_Lupin,1981,France
2,Sayenjin,1984,France
57,jeannot,1988,France
5,crashteamfaking,1989,Belgium
6,stelzig,1989,Denmark
7,Gast,1989,England
8,Karlie,1999,France
9,Thomas60,1988,England
58,PEPETORO,1987,Peru
11,Kang,1987,France
12,Naughty Dog,1988,New Zealand
13,italian21,1988,Italy
15,lorenza_frenzy,1991,Spain
16,ben213,1988,France
17,Bwawouais,1981,France
19,kingto,1991,France
20,ErManu85,1985,Spain
21,LinkinSauron,1985,Spain
22,jeremy8,1984,France
23,Gyarados,1985,France
223,tacodude1,1994,Ireland
25,rudenc,1983,Latvia
26,Werewolf,1975,France
55,Rusty,1993,Scotland
28,vive-crash,1991,France
29,SkanDu,1985,Spain
59,Master Spider,1991,Turkey
31,Jey007,1988,Monaco
81,Penta Pentium,1992,Finland
53,whypura,1986,Hong Kong
36,Nitros_Oxide,1987,Italy
37,iixnay,1990,France
56,Thibaut le nul,1987,France
39,delzlegek,1986,Belgium
40,tigrou007,1988,France
52,yeah21,1987,France
42,horakhty,1988,France
43,Pouetpouetcamembert,1987,France
44,amine_zennouhi,1990,Morocco
45,kodor6,1992,France
47,pilote-infernal,1987,France
48,splinx,1989,France
49,FireB4n4n4,1989,France
50,Eretyk,1988,France
231,devilman108,1993,Canada
229,MaxXWeapon,1989,United States
63,BorisXIV,1988,Netherlands
64,TakumaSato,1986,France
65,Xited,1989,France
66,jose_cobos,1983,Spain
67,EXODUS,1990,France
68,JonhySpeedMan,1991,France
69,JKCream,1993,Scotland
70,StephtheBoss,1987,France
71,penta88,1995,France
72,somebody60,1989,United States
73,jooraCTR,1988,France
74,theTJK,1990,Finland
75,Einari,1965,Finland
76,Tixu,1993,Finland
77,Schudulaba,1989,United Kingdom
78,hugo,1992,France
79,Jose_alberto_ng,1981,Spain
80,reid87,1987,Malaysia
82,Jean-Philippe Jobin,1991,Canada
83,Julien Gregoire St-G.,1992,Canada
84,Alex94,1994,Italy
85,darkmegamayo,1993,France
86,kritolaos,1989,Italy
87,El_viciat,1994,Spain
88,donfeuxvideo,1995,France
89,link8768,1993,Spain
90,Ale 9,1992,Italy
91,warb_64,1987,Canada
92,Mr.Nailz13,1990,United States
230,Penta19,1994,France
94,N@xo,1992,Spain
95,Quentinboussa,1994,France
96,Alex,1989,Peru
97,riky56,1995,France
98,Kames,1987,Belgium
99,Jobrigo,1986,Peru
100,yugibond3,1993,France
101,nicoO,1978,Belgium
102,Trash_B,1989,France
103,James Bertolli,1990,United States
104,Nicent,1987,Belgium
105,hyperactif12,1992,Canada
107,jacotte_eden,1990,France
108,tuturlaflem,1990,France
109,Clayton,1988,France
128,Tjc60,1993,England
111,pardiez,1988,Peru
112,God_Sap_Power,1991,France
113,Sully,1989,United States
529,skycrazed,1995,Mexico
227,beundead2,1990,England
222,The Hoff,1988,Finland
118,Zaoloo,1993,France
119,ObeliskTheTormentor,1989,Brunei
120,Jopom,1988,Monaco
121,[Red_XIII],1986,France
122,pantheratigris,1991,France
123,Behemoth,1985,France
124,ReekerSeeker,1993,United States
125,Xaero 200,1989,France
221,TheRandomPie_IV,1988,United Kingdom
127,watermy,1989,France
226,nelsy2903,1993,France
130,Fake Bandicoot,1985,Colombia
131,argos245,1992,Peru
132,Tupaka,1992,France
133,chucky,1989,Belgium
134,Maitre Seymour,1988,Belgium
135,pingouin007,1989,France
136,Motou,1991,France
137,r0m,1989,France
228,KODOS,1986,Croatia
139,kaori,1985,France
140,lells,1990,Peru
141,aku-Jhon-aku,1989,Peru
142,very_ape,1990,England
143,NefariousTrooper001,1996,England
144,powerbadack,1990,France
145,necron,1988,Algeria
147,Florian Vaz,1995,France
148,Sxill,1988,France
149,-[-cap-tain-]-,1993,France
150,lepetitkeltois,1991,France
151,sami2210,1991,France
152,Ben_v,1990,Israel
153,PentaCocofan,1990,France
154,B_utton,1993,Finland
155,el_rere,1991,France
156,Teioh,1989,France
157,Roz,1993,Israel
158,Vladi,1987,France
159,zacthewizard,1987,France
160,banga7,1982,France
161,ES942,1991,United States
162,Dingodile54,1991,France
163,Este14,1992,Belgium
164,PentaPenta,1991,France
165,pinstripe,1994,Canada
166,vegeta,1987,Australia
167,cedpro1,1992,France
168,jobuzz,1982,France
220,-Sasuke-,1990,France
170,Linkos,1992,Tunisia
171,George Stobbart,1987,Italy
172,KingCTR,1989,Peru
173,Extinction,1994,England
174,sambennettctr,1992,England
175,theyellowrabbit,1988,France
176,len,1992,Netherlands
177,defnoss,1990,France
178,fdavpach,1994,Mexico
179,Gaurox,1987,France
180,Vince,1990,France
181,pipipit,1996,Malta
182,enkings,1994,Italy
219,sidious14,1991,France
184,hatila,1991,France
225,TinyRex,1989,Croatia
186,PentaJo,1993,Canada
187,st3v3n,1990,Scotland
188,Matte,1992,Italy
189,chocosly11,1991,Mexico
224,Giordano,1989,Italy
191,lucafriquet,1992,Belgium
192,Penta Lucius,1994,Italy
193,Wallit0,1991,Argentina
194,polar du 73,1992,France
195,KJKM,1968,France
196,MathXtreme,1993,France
197,Delinko,1993,Belgium
198,luleasmfc,1992,France
199,SPOOKY,1984,Poland
200,chevita,1991,Uruguay
217,RamsesxD,1991,Peru
202,simex,1994,Finland
203,magnum30,1989,France
232,bandicootboy,1994,United Kingdom
205,jujuCTR,1997,France
218,clemdu29,1994,France
207,Crash,1991,Argentina
208,matias,1995,Argentina
209,Joe the evilfox,1988,England
210,LUKAS 15,1991,Spain
211,Si,1991,England
213,Ekud,1990,France
214,Nico,1988,France
215,Yamichaos,1990,France
216,habbomerda,1989,Italy
233,Atarylarry,1990,Finland
234,Dmaxin,1976,Spain
235,D34TH,1991,Australia
236,L3X3M3N15,1988,Ecuador
237,crash68,1993,France
616,donabut,1987,France
239,flo68,1994,France
240,crashspyro150,1991,United States
241,[JuLiO.o],1990,Peru
242,Brazen,1989,Spain
243,coco68,1998,France
244,Trophy,1992,Malaysia
245,Hayzeus,1991,United States
246,ale_11,1995,Argentina
247,Karro,1987,France
248,neopedal,1992,England
249,chnafon,1991,France
250,Enkolpion,1992,Finland
251,Germs,1986,France
252,OurTinyServant,1986,England
253,Sirius,1992,Sweden
254,SÃ¶rsselssÃ¶n,1993,Finland
255,coco-ctr,1993,Switzerland
256,Banana292,1992,England
257,Antondile,1993,Finland
258,NaBBa,1993,Finland
259,jv_slr,1991,France
260,homer,1991,Croatia
261,Chevalier_Lion,1993,France
262,Fireseal452,1986,Canada
263,The King,1997,Italy
264,Lucas_ctr,1993,Argentina
265,MR.MAN,1990,United States
266,ryano292,1986,Australia
267,DarkProfeta,1994,Brazil
268,juan7722,1981,Brazil
269,TimeDevine,1993,United States
270,penta penguin,1991,Spain
271,teubster,1991,Switzerland
272,RyoR,1992,Finland
273,Kanka,1990,Belgium
274,dodo_du_68,1995,France
275,sonicX,1988,Argentina
276,neldel,1989,Argentina
277,terminator36,1990,Switzerland
278,polaracer,1995,Switzerland
279,vince85,1991,France
280,powaja,1992,Argentina
281,locoarts,1987,Argentina
282,C.sergio,1992,Spain
283,tomy,1998,Argentina
284,AleMastroianni,1996,Italy
285,Anthony,1992,France
286,The Goblin,1989,France
287,anderswo,1986,France
288,Andru157,1987,England
289,lupacchiotto romano,1996,Italy
290,Shoumy81,1994,France
291,itsmike,1989,United States
292,gabydu98,1990,French Polynesia
293,Antgtone,1991,France
294,lauractr,1995,France
295,king_kaoring,1992,France
296,mysticx0,1974,United States
297,sweet25,1984,France
298,Faux Crash,1991,France
299,P-G,1990,France
300,the doogs,1990,Scotland
301,33 N-TROPY,1994,France
302,supercrashfan,2000,United States
303,Aztekia,1993,England
304,Powen,1992,Argentina
305,Platinum,1990,Uruguay
306,crashbash666,1992,England
307,Bandikong,1997,France
308,BO_11,1994,France
309,TazKhaelyor,1986,Switzerland
310,liam,1990,England
311,kingctrcolombia,1990,Colombia
312,kurt,1989,Colombia
313,MaskedPenguin,1993,Australia
314,gheorghios,1994,France
315,jyrag,1981,France
316,Squatresident,1994,France
317,DShiznit,1994,Australia
318,Azertie,1995,France
319,SBeezy,1990,United States
320,Flotang29,1990,France
666,LightScribe,1980,Bulgaria
321,nitrous_oxide,1987,Peru
322,ZUI,1987,Italy
323,(OZA),1988,Italy
324,Maimai,1987,France
325,Big JonNo,1992,Australia
326,Xupz,1991,France
327,Benjilag,1992,France
328,JuanPsy,1985,Colombia
329,~Bodo~,1989,Italy
330,Hijhsplat,1996,Spain
331,Layoso,1996,Italy
332,bryant94,1992,Algeria
333,Venatosa,1990,Finland
334,Dingodile,1993,France
335,Vercrital,1992,Finland
336,Skeeper,1993,France
337,Aimen0,1996,France
338,Zwergf,1993,France
339,illusioniste,1991,France
340,GT-one,1990,France
341,Liituraita,1995,Finland
342,Nedal,1990,United Kingdom
343,Lutalo,1994,United States
344,coolpartner,1990,Colombia
345,LinkZer,1989,Peru
346,chesty,1991,Australia
347,SACHIN101,1992,England
348,JuKKi,1989,Finland
349,Bobmastrolilli,1990,Belgium
350,zaralback,1988,France
351,polarctr,1992,Spain
352,Sk8mafia,1992,United States
353,FG512,1992,France
354,Workrow,1986,United States
355,King Crash,1996,Spain
356,bazb3,1988,England
357,tit jÃ©rÃ©m,1992,France
358,David,1993,Peru
359,azeda,1990,France
360,Yougrif,1997,Brazil
528,DPPlay,1990,Mexico
362,Crash roxmysox,1997,New Zealand
363,loic-67,1996,France
364,Stefanonimo,1990,Italy
365,Raul Brenner,1993,Brazil
366,PentaPenguin,1995,Croatia
367,stennka,1994,Bulgaria
368,davi92,1992,Italy
369,Zudsu,1995,Brazil
370,Fygon,1991,Brazil
371,__. Hugo-El .__,1990,Brazil
372,Phoenician,1988,United States
373,Vaniz,1996,Italy
665,yuri10ctr,1989,Brazil
374,Jhect,1992,Denmark
375,Polar-Vic,1994,France
376,naruto514,1990,France
521,Arch,1990,Canada
378,Misko,1988,Serbia
379,Plankboy,1992,Scotland
380,Blink_182,1992,Brazil
381,YaGaTo,1987,Peru
382,HO187,2001,Israel
383,Dave Porter,1987,United States
384,Zay-Ken ,1981,Spain
385,thomas,1995,Italy
386,NecroXia,1989,Ecuador
387,Justin Zimmermann,1990,Switzerland
388,Mualed,1995,Finland
389,Ebanzu,1992,Finland
390,ribon,1995,France
391,Dfaz1st,1991,England
392,pzim,1955,Switzerland
393,grayf_7,1997,Brazil
394,GodMassC,1992,Peru
395,vincenzzzo,1990,France
396,Baswai,1991,Netherlands
397,jthamble,1989,England
398,Sebal.95,1995,Chile
399,Urulok,1988,Spain
400,Sephxlord,1991,Spain
401,DaMoN,1992,Italy
402,CTR_smoker,1989,Netherlands
403,walfrat,1989,France
404,meekinator,1988,England
405,Lorys,1994,Italy
406,Kev,1987,France
407,Daker49,1991,Canada
408,mUsN1t,1988,South Africa
409,TOUFF,1986,France
410,Migulus,1992,Finland
411,lee_911,1991,Italy
412,Mr. Master,1992,Ireland
413,alex hantson,1990,Switzerland
414,gellehar,1993,New Zealand
415,Corey13,1991,Australia
416,Akmare,1992,England
417,SebasT,1993,Argentina
418,B-rizzle,1990,United States
419,PredatorFIN,1993,Finland
420,alanfoot,1990,Belgium
421,N_MOZ,1991,France
422,Sephiroth,1991,France
423,lyo77,1990,France
424,valentin07,1988,Argentina
426,-WN-,1991,Finland
427,jtc,1990,France
428,Tom,1993,Argentina
429,RatchetSK,1993,Slovakia
430,abi3000,1994,Italy
431,10hJh,1989,United Kingdom
432,vgrsora,1992,France
433,Kameli69,1992,Finland
434,RedCS,1992,Colombia
435,Acmilash-PantherG,1993,France
436,Kiera,1992,Australia
437,Lewis,1994,Australia
438,mel 86,1986,Italy
439,brobrothers,1989,Canada
440,koobiak,1987,France
441,JFURY,1993,Japan
442,pablitoxarg,1991,Argentina
443,xibou,1992,France
444,The-oxide-time,1992,France
445,Thom32,1987,United Kingdom
446,- KzuD9 -,1991,Peru
449,Dexter,1986,Morocco
450,MR-D03,1990,France
451,alex64,1995,Canada
452,eccoloedo,1992,Italy
453,Smn,1992,Italy
454,Smosism,1993,Brazil
455,KaRA,1988,Brazil
456,kassio88,1988,Brazil
457,TanKrem,1992,France
458,Seninha,1995,Brazil
459,Leafy,1988,Netherlands
667,RoseCTR,2002,France
460,yrocco,1987,Italy
461,bebech,1990,France
462,minacoto,1985,France
463,chticlem,1995,France
464,Smoggy,1988,England
465,mx133,1990,Finland
885,Laripper10,1999,Argentina
467,julien-taskcontrole,1990,France
468,andresBG,1995,Spain
469,Z88-173,1986,France
470,Mirko Bombelli,1989,Italy
471,WdmSult,1994,-
472,UberLucifer,1989,France
473,Rento,1991,Finland
474,Boost Power BR,1995,Brazil
475,Reflear,1988,Italy
476,jiros,1992,Belgium
477,rodbrambilla,1983,Brazil
478,DumppaFin,1992,Finland
479,Mart,1996,Brazil
480,v4eCTR,1992,Italy
481,Zeb89,1989,Italy
482,oxide the best,1995,Italy
483,npearce,1989,United Kingdom
484,RBrT,1991,Spain
485,LeVeeS,1990,Mexico
668,Slashhhh,1996,Italy
486,Jacob Stirling,1989,New Zealand
487,00Rider00,1998,Italy
488,djanmfctr,1992,Brazil
489,Zamiza,1990,Finland
490,Fede_CTR 4 Ever,1993,Italy
491,Darkyrees,1988,Chile
493,luca103,1995,Italy
494,DarkzitoCTR,1990,Peru
524,Lightning,1996,Malta
496,R3mY,1994,France
497,basstheboss,1990,Italy
498,aKharg,1991,Spain
499,slay,1985,Poland
500,SiriusXIV,1993,France
501,Amiroum,1999,France
502,gianvitt,1990,Italy
503,Shin Bi,1988,Belgium
504,brolydbz12,1992,Mexico
525,Cr4shJuh1s,1995,Finland
506,SiuRu,1992,Poland
507,ozuba,1996,Finland
508,Minumix,1994,Finland
509,tsz,1992,England
510,Scorpion,1991,Brazil
511,-Bauer199x-,1991,Finland
512,sun007,1998,France
513,dumbdog2010,1995,United Kingdom
514,nitro_david,1994,Italy
522,Tesha032,1991,Serbia
516,ArsÃ¨nes son,2001,France
518,Qwerty,1992,Argentina
519,finctr122,1996,Finland
523,Sylwi_90,1990,Poland
526,Neco,1950,Brazil
536,Garfunkels,1994,Switzerland
530,TheNomad,1988,Italy
531,Shino,1992,France
532,Holyaxe,1994,Finland
533,CrashTeamYanning,1998,Switzerland
534,jeremyctr,1990,France
538,leone93armato,2008,Italy
559,TheCrashKing,1992,United Kingdom
571,Sebmagic,1987,France
573,Xrotta,1992,Italy
551,MrAnderson,1990,France
3,BlackTeamFreezing,1991,Finland
550,THE KING,1994,Italy
556,eternuz,1986,Peru
558,vinicli,1990,Brazil
560,jaimectr,1993,Spain
562,Panther,1990,Germany
574,tesdt,11,-
620,Jon56,1991,England
619,McManaman,1994,Finland
618,MayheM,1995,Finland
617,MuRiLo/CRF/,1995,Brazil
622,Rob_Hill1,1988,England
621,Stacy Needham,1989,England
596,Nitrous Tropy,1981,United Kingdom
597,tingidial,1998,France
598,Waldo,1985,Palestine
599,Jack Reacher,1991,New Zealand
600,RustyCTR,1991,England
601,Samih62returns,1994,France
602,Miiikkkkooo,1992,Finland
603,DjoleRK,1991,Serbia
604,CrashTeamNanning,2000,Switzerland
605,gpresse,1967,France
606,vive-crash59,1996,France
607,Ubon,1989,Switzerland
608,Kollli,1992,Finland
609,Fernandop950325,1995,Argentina
610,miabua73,1997,Sweden
611,Adam0n,1993,Poland
613,CTR-master-J.R.,1990,Netherlands
614,atsnoK,1994,Finland
623,TheTorturerVladimir60,1994,United States
627,Blowcircuit,1994,Japan
625,Suspect_1413,1982,Saudi Arabia
626,Roro,1989,Japan
628,marzebetiko,1992,Spain
629,fabinn,1989,Brazil
630,Kuolemanvuohi,1995,Finland
631,Uuno,1992,Finland
632,blahpy,1994,New Zealand
633,Offz0r,1994,Sweden
634,CrashKing,1997,New Zealand
635,loulou68,1983,France
636,KRYZTYAN94,1994,Colombia
637,Roobix,1986,Canada
638,iychacd,1990,Mexico
639,mariothebest,1997,France
640,cTr_2010,1988,Belgium
641,FGrevenge,1992,France
642,NeoAngelo,1990,France
643,Knarfy,1991,France
645,J0S377,1993,Mexico
652,Supernaze,1996,France
656,clody95,1995,Italy
1191,brogs_ctr,1993,Italy
657,GXT,1995,France
651,XxLeonardoxX,1993,Brazil
653,Karim,1996,Saudi Arabia
654,Rodrigo Amaral,1989,Brazil
655,zord,1997,Israel
663,techdawn,1996,Finland
659,Aidsthor,1990,Iceland
660,PAM,1995,France
661,Geforce,1992,France
662,Rusty2,1993,Scotland
664,hernanmtl,1992,Argentina
669,Nini35,1994,France
670,Mahamahatsu,1995,Finland
671,Ratchet5,1994,Australia
672,bowfat,1990,Finland
673,Figurensp,1991,Denmark
674,DayWalker,1990,Mexico
675,William.Sanna,1996,Italy
676,greendayseb,1996,France
677,babareto1,1993,Italy
678,roxsenpai,1994,Brazil
679,LoquendoCTR,1996,Spain
680,WIZIONE AFCREW,1992,France
681,aloco,0,Mexico
682,Frosty2204,1996,Australia
683,Minks0609,1996,Australia
684,dmgdsync,1987,United States
685,Fernando2010,1982,Mexico
686,tabacat,1995,France
687,DingoPenta,1996,Finland
688,Rishi Chaturvedi,1990,India
689,3diSpade,1987,Italy
690,floyd12,1989,France
691,larsrubinhop94,1994,Mexico
692,Samuel RocknRoll,1996,Brazil
693,Eareland,1993,Finland
694,Drake,1988,Denmark
695,Diie,1993,Finland
696,AnkokuDDS,1989,Peru
697,Polar the Best,1993,France
698,N. Gon,1993,Belgium
699,Robmorgan1989,1989,Ireland
700,Makke,1991,Finland
701,JelenaT,1996,Serbia
702,JuAnItOz,1992,Mexico
703,Wez,1993,England
704,calteX,1992,Finland
705,Cavs23,1992,Colombia
706,sergio,1997,Colombia
707,MachineGryphon,1990,United Kingdom
708,Glynn18,1994,-
709,tomi perez,1994,Spain
710,Nolycool,1996,France
711,Dead One,1992,Finland
712,NefariousOxide,1994,Canada
713,Hallymed,1994,Finland
714,BBC,1998,Slovakia
715,vincy_ctr,1993,Italy
716,lipman,1992,Spain
717,uz3il,1993,France
718,Mikami,1993,Morocco
719,LaPardez,1996,Finland
720,Jiiris,1994,Finland
721,eccoedo,1992,Italy
722,DrS2,1990,Denmark
723,Exibel,1995,Finland
724,RipperMarco,1994,Italy
725,Delecto,1994,Germany
726,Jacoto,1988,France
727,JSimo,1993,Australia
728,pinstripe92,1992,France
729,Chicharito,0,France
730,pappa1rule,1994,Finland
731,ssjlive,1978,Venezuela
732,Pulle,1995,Finland
733,geisttgih,1992,United States
734,vilchola,1986,Venezuela
735,ADRIXTURNS2011,1999,Peru
736,Puteboy,1995,Spain
737,Flex Blur,1991,France
738,Pete94x,1994,Denmark
739,Corporal Arse,1993,France
740,Haapis,1995,Finland
741,ScottGray,1991,New Zealand
742,Il-Gato,1995,Italy
743,runrunruuuun,1992,Japan
744,TAKUMIAAAAAA,1994,Japan
745,Tapi,1995,Japan
746,ShianBPROMOHE,1994,Japan
747,BTmtuki,1993,Japan
748,wanp24kobe,1989,Japan
749,ntropy44,1965,Canada
750,C0DE1LUPIN,1990,Japan
751,kazuki,1994,Japan
752,ShadyBud,1988,France
753,FLyeR,1994,Czech Republic
754,shinygallade,1997,New Zealand
755,manfredi12,1990,Italy
756,Freaken00,1993,Denmark
757,pale90,1990,Italy
758,pivotkraner,1997,Italy
759,Andrea90040,1994,Italy
760,Shifu_,1990,Montenegro
761,bw3733,1989,United States
762,MarioMariox2,1994,United States
763,AnCroWN,1996,Denmark
764,kingartur96,1990,Italy
765,AlexH,1997,England
766,Superkam,1991,United Kingdom
767,DarkShark,1992,France
768,tundratundra,1989,Finland
769,Griever,1990,Italy
770,RipperBoh,1993,Italy
771,Jer,1995,Switzerland
772,YtseJam,1991,Finland
773,AlexandreCTR,1996,Brazil
774,sebastiancoop,1996,Chile
775,xan1242,1994,Croatia
776,Ruleiiito,1991,Mexico
777,Mirko,1989,Italy
778,Rawrr,1992,Peru
779,carammmmm,1990,Mexico
780,True_Kuu,1997,United States
781,xItachi927-,1994,England
782,Renzotm,1995,Peru
783,Neurostimulant,1990,France
784,Vlad,1994,United States
785,Louisenbairn,1994,Spain
786,williamforty,1986,England
787,Kake,1995,Finland
788,Coyotesp,1985,Brazil
789,Deadcode,1994,Italy
790,BlitzPhoenix98,1998,Serbia
791,X,1994,United States
792,Jochen Fickdich,1991,Germany
793,KU,1998,Japan
794,AL,1995,Italy
795,Rinnegatamante,1995,Italy
796,Pr3s3nt,1995,Italy
797,politodav123,1990,Spain
798,sPeeX,1992,Poland
799,k_MAZEx,1996,Italy
800,Lildrummerboy,1996,United States
801,god.of.war,1996,Italy
802,Danjules,1989,United States
803,DarkGenesis,1995,Italy
804,ins0,1994,Italy
805,VAUHALLAN,1991,France
806,Haruo,1996,France
807,RisingGamer1993,1993,United States
808,Wyska,1991,France
809,ElXando,1993,England
810,gorund,1992,Italy
811,DarkHeroofGames,1996,Australia
812,downie001,1984,Scotland
813,Eggrobber,1995,Australia
814,Tommy,1995,Italy
815,TurboPinstripe,1992,Italy
816,Dritoxygen,1996,Croatia
817,theswiftest,1993,United States
818,perdomoctr,1995,Colombia
819,JESUPO,1993,Spain
820,apwOxideGasmoxia693,1991,Australia
821,renzo-tm,1988,Peru
822,ju4y8,1990,Peru
823,faker,1997,France
824,The_Greed_ITA,0,Italy
825,azooz33,1997,Saudi Arabia
826,bemusement,1989,Australia
827,Crash_hp,1994,Russia
828,DaniTo Gaio,0,Italy
829,alex200,1999,Mexico
830,vertigo1295,1995,Peru
831,Mickasol,1997,France
832,LuigiEiffel65,1995,Italy
833,TheMajor,1994,Italy
834,LEGEND95,1995,Italy
835,Hix-Trix,1993,Australia
836,Igor95,1995,Brazil
837,Tycyn,1990,Belgium
838,Sdreka,1991,Italy
839,Romba91,1991,Italy
840,AlexBosquin,1996,Brazil
841,Gnuffone93,1993,Italy
842,Supernaze7,1996,France
843,Opi2,1992,Italy
844,Michote,1991,Spain
845,U SINTIMENTU,1991,Italy
846,DAZDOUG,1994,Scotland
847,zampino91,1991,Italy
848,Black-CTR,1992,France
849,CTRsincebirth,1999,United States
850,coconutpawa,1992,Italy
851,Keno671,1998,Australia
852,usdelka,1986,Spain
853,Flare,1990,Italy
854,G-Bombz,1990,United States
855,Beanzie01,1995,United Kingdom
856,richyrsh,1988,Venezuela
857,RyuStripe,1995,Chile
858,CrashOver,1995,Peru
859,ntropy2013,1994,Peru
860,jambol 93,1993,Italy
861,BESTPLAYER098,1997,Switzerland
862,Luke (L),1998,Malta
863,dam20694,1994,France
864,CTRRacerBlaster,1998,Chile
865,JeiCrash,1995,Colombia
866,Joako,1996,Argentina
867,Redhotbr,1999,Brazil
868,PoweradeCTR,0,Italy
887,shadowpolar,1997,Mexico
886,sali14999,1999,Czech Republic
873,Pentrax,1995,France
874,francot514,1988,Colombia
876,manofthematch,1991,Italy
877,kingofclubs,1992,Italy
878,6at,1993,Japan
879,Polowogs,2000,United States
880,FreakyDoggieJr,2002,United Kingdom
881,Roxy,1994,Italy
882,Kojiro,1997,Brazil
883,Cliff,2000,Italy
884,Mike_Baggio,1991,Ireland
888,Tokyto,1992,Belgium
889,extremetuning91,1991,Italy
890,LukiBigz,1993,United States
891,NaughtyDog,1995,Peru
892,Larzsify,1994,Belgium
893,Bollex69,1994,Belgium
894,algiabr,1994,Italy
895,zzdarkleonxx,1987,Peru
896,Unbroken,1997,Italy
897,Nefarious Trophy,1998,Australia
898,KevinVaca97,1997,Colombia
899,Lornoveo,1994,Italy
900,bazoo,1993,Spain
901,H1,1994,Australia
902,zumpawe,1992,Italy
903,cygnus,1991,Canada
904,Kalipf_beacon,2000,Italy
905,9RJD,1998,United States
906,HighBrowComedy,1994,Canada
907,v6id,1996,Italy
908,mello,1997,Lebanon
909,Tumppi,1991,Finland
910,no_guy,1996,New Zealand
911,pipear77,1991,Colombia
912,Barbino,1996,Italy
913,M4ngu,1992,Finland
914,MISTRRLOVE,1991,Germany
915,Chrissj4,1997,Italy
916,Cephiro,1993,Finland
917,Luke_C1rca,1995,Italy
918,HuevosConJamon,1997,Mexico
919,FoxDrop,2001,Finland
920,Jeremie,1995,Switzerland
921,SQbaniec95,1995,Poland
922,Kaji,1995,United States
923,xkime,1991,Argentina
924,Santiago CTR,1998,Colombia
925,Shebin,1993,Chile
926,SlacksMcgee,1994,United States
927,OffBeatET,1995,United States
928,slaifer,1993,Colombia
929,Sanakurata,1990,Italy
930,Blake133,1996,Spain
931,legendkoniz,2000,Portugal
932,Darx,1988,France
933,lonelydevil90,1990,Italy
934,Whenti,1995,France
935,WhatsInTheBox,1993,United States
936,ZenNature,1993,United States
937,kotstullewagner,1998,Germany
938,Chava-God,1996,Mexico
939,Morde,1998,Spain
940,dots&pips,1993,Italy
941,AxelRz,2000,Chile
942,realbe,1993,Peru
943,zanna,1993,Italy
944,Cocokart61,1997,United States
945,EmyPanda,1997,France
946,yingyang,1996,Lithuania
947,Kasl7apbl4,1995,Russia
948,Striker,1992,Belgium
949,NembrOS,1998,Italy
950,SirHidan,1984,Peru
951,SifuCoobs,1994,England
952,NickItaly,1996,Italy
953,DEMIAN,1987,Peru
954,pqekypk2,1986,Colombia
955,TruenHero,1986,Colombia
956,Fabrizioshock,1986,Italy
957,ktem,1994,France
958,rescorpione93,1993,Italy
959,Zarmat,1999,Italy
960,heybarmby,1995,United Kingdom
961,NoChoice,1996,Germany
962,NineSix,1996,Finland
963,Gody,1997,Italy
964,Sora32,1995,Spain
965,KishKish,1995,Finland
966,Lionote,1993,Netherlands
967,Strigoi,1995,Finland
968,James Farrell-Shaw,2003,Scotland
969,PoryGun,2005,Scotland
970,LaserRaptor,2000,United States
971,brianguun,1997,Mexico
972,Corbinator2000,1998,New Zealand
973,wikihoover,1988,Italy
974,Shadow98,1998,Italy
975,CrashbroT,1990,United States
976,AG_Alex2097,1992,Belgium
977,willithedragon,1992,Chile
978,asAthos95,1995,Italy
979,WaffleDog,2002,England
980,FudgeCat,2001,England
981,ReviloSensei,2004,England
982,BringerZ,1998,Indonesia
983,ante,1994,Croatia
984,BOSS,1994,Italy
985,IAmCmn,1995,Italy
986,SLC,1998,Italy
987,Quaxpy,1996,Italy
988,Keesu,1992,Ireland
989,Jubinto,1993,Italy
990,W4TT0,1997,Italy
991,AranciaGugu,1992,Italy
992,Undine,2000,Venezuela
993,SkLkjkjlkdsS,0,-
994,Pahvi,1994,Finland
995,crashmax1992,1992,Italy
996,macz402,1998,Colombia
997,HuskyTdC,1989,Finland
998,BadMotorScooter,1992,Uruguay
999,Guido,1993,Italy
1000,Bullkazzer,1999,Italy
1001,NikMontana,1986,Italy
1002,ErDivino,1996,Italy
1003,MatStark,1996,Italy
1004,john_taglio,1996,Italy
1005,SteerDivinity,1991,Italy
1006,Toomy744,1981,Argentina
1007,CaiusMarius,1989,Italy
1008,Max96,1996,Italy
1010,n.oxide,2003,Argentina
1011,Termiitti,1992,Finland
1012,Ulttis,1992,Finland
1013,Zlatanista91,1991,Italy
1014,LOOZMI,1992,France
1015,K2Harris,1996,Malaysia
1016,AGNTHANK,2000,Mexico
1017,Nachojuggler,1996,Chile
1018,Lg91,1991,Italy
1019,FGTurismo21,1999,Italy
1020,Puskas77,1996,Colombia
1021,MegaBlaster X,1998,Colombia
1022,TenguFlo,1992,France
1023,Veneto Nasion DC,1994,Italy
1024,TheMarkin17,1999,Spain
1025,YellowFloyd,1995,Switzerland
1026,piccolomone,1990,Italy
1027,Omarfer290401,2001,Mexico
1028,Bem,1993,Italy
1029,marfu999,1993,Germany
1030,EzBrio93,1993,Italy
1031,XpentaP,1994,Italy
1032,Chariot,1999,Italy
1033,N.Stringa93,1993,Italy
1034,fatmanjim,1995,Australia
1035,Marin,2000,Italy
1036,gabriello,1991,Italy
1037,ARMS08,1994,Japan
1038,Contrix,1997,United States
1039,MrBenja109,1976,Chile
1040,AlvarilloAlonso,1996,Chile
1041,Am217,1997,Italy
1042,Rookie_FR,1995,France
1043,Marco29,1994,France
1044,DarkStiven,1992,Peru
1045,THE MOST WANTED,1999,Colombia
1046,maoth23,1990,Saudi Arabia
1047,sarge,1993,Spain
1048,Xranxi,1999,United States
1049,Janitus,1992,Finland
1050,Garma,1994,Germany
1051,Yok,1994,Chile
1052,JSH93,1993,Finland
1053,Icaras,1992,Sweden
1054,Hydrogenn,2001,United States
1055,Flameboy_139,2000,France
1056,DaVoCTR,1993,Italy
1057,DwarfSpyker,2000,France
1058,v2desmo,1995,Italy
1059,Lordsommerhill,1994,Norway
1060,Formula1-97,1997,Italy
1061,mati,1998,Poland
1062,Apokf,1998,Peru
1063,Gingo,1987,Italy
1064,Pull,1997,Finland
1065,Metel,1998,United States
1066,alfio61,1995,Italy
1067,Wan,1988,France
1068,log9000,1998,Iceland
1070,Carmesi87,1987,Mexico
1071,natefili,2000,Canada
1072,winter,1997,United States
1073,vincy,1998,Italy
1074,Speed Demon,1995,Italy
1075,MikeWazowskii,1996,Canada
1076,Gaxo,1999,Venezuela
1077,MultiDani98,1998,Italy
1078,Lucas_Fader,1993,Italy
1079,super_al57,1988,Italy
1080,VacchianoDomus,1990,Italy
1081,GrisacidoPunk,1998,Argentina
1082,Spluttery,1990,Italy
1083,MarkA1995,1995,United Kingdom
1084,Pnic0u,1991,Chile
1085,Dh73,1986,Italy
1086,ContiniTaruccoRacing,1987,Italy
1087,FiReBlaDe99,1999,Italy
1088,DoppiaQ,1995,Italy
1089,JAIDHINO10,2001,Colombia
1090,dahinl,1997,Peru
1091,Zarkilor,1998,United States
1092,Natty,1996,United Kingdom
1093,Strupius,1997,Italy
1094,kecioke,1992,Italy
1095,Headhunter2299,1997,United States
1096,CaroBandicoot,1995,Germany
1097,DAVIDE_PUGILE,1990,Italy
1098,Loli Poperoo,1993,Philippines
1099,KoopaTroopa1116,1993,United States
1100,Ezequiel fastercoot,2000,Argentina
1101,Player_ITA,1,Italy
1102,kendypls,1994,United Kingdom
1103,IlGamba,1992,Italy
1104,Nismo,1988,United Kingdom
1105,elweawea,1996,Chile
1106,mavrohernanQ,1992,Chile
1107,Eviterno,1998,Venezuela
1108,D4rKT1mmy,1996,Germany
1109,Sk8eRbOi17,1990,Italy
1110,TAKtics,1991,United States
1111,snake,1984,Italy
1112,arpiria,1996,Italy
1113,s4actr,1989,Saudi Arabia
1114,Maiiick,2002,Argentina
1115,Bluempire,1998,United States
1116,croccantere,1993,Italy
1117,Zura,1999,Colombia
1118,Floo,1992,France
1119,William2099,1984,Peru
1120,Dest,1995,United States
1121,Zzimon,1993,France
1122,After Hours,1990,Italy
1123,Francyrad,1997,Italy
1124,digisoul4,1998,Chile
1125,Slashovia,1993,Italy
1126,ragnel97,1997,Peru
1127,Zigloo,2000,France
1128,greesoka,1996,Italy
1129,Ezio,2000,Italy
1130,ChavaGod,1996,Mexico
1131,kikelagarto21,1997,Colombia
1132,Heksa,1994,Finland
1133,Peloison,1992,Italy
1134,Hegee,1992,Finland
1135,War_JQ,1998,Venezuela
1136,chabo92,1992,Italy
1137,RevliX,2002,France
1138,Black Rose,1990,Italy
1139,ciccio4599,1999,Italy
1140,Drozard,1996,France
1141,JohnTanner,1991,Italy
1142,Reikun,1991,France
1143,Fedecrash02,2002,Italy
1144,xm24,1992,Italy
1145,Iamang793,1993,Italy
1146,Flam,2001,Mexico
1147,ewillyyy,1991,United States
1148,CastletonSnob,1992,United States
1149,AyAnnS,1996,France
1150,lapepperika,1994,Philippines
1151,Jean Carlos Escorcia,1996,Colombia
1152,GabrY_Master,2000,Spain
1153,Loopn,1991,New Zealand
1154,L_Ranger,1997,Italy
1155,Saiyan Gume99,1999,Mexico
1156,KomodoJakke,2000,Brazil
1157,Lassimelo,1996,Italy
1158,Tonno95,1995,Italy
1159,DanishOGaming,2001,Denmark
1160,Raesak,1995,Italy
1161,IORYLEONSY979,2002,United States
1162,Davidoff,1987,Italy
1163,MogMorta,1998,Australia
1164,Cortex1992,1992,Italy
1165,NyXx,1993,France
1166,Izuy,1994,Peru
1167,nico93bari,1993,Italy
1168,DoppiaN,2000,Italy
1169,Bob_Faraone,1993,Italy
1170,isaach77,1999,New Zealand
1171,JaydenRoo,2000,Colombia
1172,mojo1mojo2,1994,Australia
1173,victorards,2000,Brazil
1174,Almarkowbender,1998,United States
1175,JulxRide,1990,France
1176,SashraanGames,1993,Canada
1177,Snow-KiiKe,2000,Mexico
1178,Rallye89,1989,Italy
1179,Jack121,2001,Italy
1180,Crash07814,1999,Brazil
1181,NicolÃ²,1991,Italy
1182,Alex991,1999,Mexico
1190,DrFredEdison,1992,Italy
1189,NoMoreReligion,1994,Italy
1192,guiller077,1987,Ecuador
1193,luco00,2000,Italy
1194,kokeaft,1993,Chile
1195,Patxiku,1993,Spain
1196,Papu Papu Official,2002,Italy
1197,InstilledBee,1993,Philippines
1198,er10l,1991,Albania
1199,JoshDenford,1999,Australia
1200,Walba,1996,Spain
1201,Latsu7,1996,Finland
1202,Buck A. Near,1995,Italy
1203,dreicko,1992,Colombia
1204,VDA95,1995,Italy
1205,Mavrinac,1993,Greece
1206,ufolover,1988,Italy
1207,gioludde,1995,Italy
1208,R3musITA,1991,Italy
1209,BackstaBB,1993,Italy
1210,Zeugirdor,1998,Colombia
1211,Yuta Yada,1998,Japan
1212,Rolaxel,1998,Chile
1213,Crashtag,2002,France
1214,Marco Lo Sciuto,1981,Italy
1215,MaliMuzik,1999,Slovakia
1216,mjwjohansson,1991,Sweden
1217,Cano_ctr_alv,1998,Costa Rica
1218,Hypelastika,1996,Bosnia
1219,henbu,1989,Peru
1220,Santirc310,1996,Spain
1221,wiremu2002,2002,New Zealand
1222,ICG Alquezel,2000,Netherlands
1223,Maximus,2000,Colombia
1224,Niklas Nyberg,1994,Finland
1225,Malpat,1997,United States
1226,Yuyomalo,1999,Uruguay
1227,kriss&Nickol,1993,Peru
1228,oxyyyy,1997,Portugal
1229,Tero,1992,Finland
1230,Skelyerath,1988,United States
1231,Syntroth,1988,Colombia
1232,Mori,1994,France
1233,Galaxian,2001,United States
1234,ricardo,1998,Italy
1235,Emer2412,2000,Peru
1236,WanderingGJO,1988,Netherlands
1237,Reenattin,2000,Brazil
1238,Kolli,1992,Finland
1239,Iblast,1999,Peru
1240,hedygabriel,1993,Brazil
1241,CamCam99,2000,United States
1242,Vien,1994,Netherlands
1243,SirBlackWarrior,1998,Italy
1244,NeoRainier,1990,Italy
1245,Schwooples,1993,United States
1246,Karibou,1991,France
1247,DarkSoul,1986,Brazil
1248,Kas1657,1997,Peru
1249,THEMOTOR,1999,Italy